<?xml version="1.0" encoding="UTF-8"?>
<project-private xmlns="http://www.netbeans.org/ns/project-private/1">
    <editor-bookmarks xmlns="http://www.netbeans.org/ns/editor-bookmarks/2" lastBookmarkId="0"/>
    <open-files xmlns="http://www.netbeans.org/ns/projectui-open-files/2">
        <group>
            <file>file:/Users/gregoriocruz/NetBeansProjects/webSistem/src/conf/persistence.xml</file>
            <file>file:/Users/gregoriocruz/NetBeansProjects/webSistem/src/java/controlador/Guardar.java</file>
            <file>file:/Users/gregoriocruz/NetBeansProjects/webSistem/web/index.html</file>
            <file>file:/Users/gregoriocruz/NetBeansProjects/webSistem/src/conf/MANIFEST.MF</file>
            <file>file:/Users/gregoriocruz/NetBeansProjects/webSistem/web/correcto.jsp</file>
            <file>file:/Users/gregoriocruz/NetBeansProjects/webSistem/src/java/conexion/Persona.java</file>
        </group>
    </open-files>
</project-private>
